Abbr,API call,LB Export,Retry Wrapper,Rate-Limit Wrapper,Direct CLI/Curl,Verification notes
GQL,github.graphql,Yes,Yes,Yes,No,"All audited call sites wrapped; see audit doc for references."
PAG,github.paginate(...),Yes,Yes,Yes,No,"All audited call sites wrapped; see audit doc for references."
PAGIT,github.paginate.iterator(...),Yes,Yes,Yes,No,"All audited call sites wrapped; see audit doc for references."
GHCLI,gh api,Yes,Yes,Yes,No,"No remaining gh api usage in audited workflows."
CURL,api.github.com,Yes,Yes,Yes,No,"Direct HTTP calls include retry/backoff (restore_branch_snapshots.py)."
RATE.GET,github.rest.rateLimit.get,Yes,Yes,Yes,No,"All audited call sites wrapped; see audit doc for references."
ISS.GET,github.rest.issues.get,Yes,Yes,Yes,No,"All audited call sites wrapped; see audit doc for references."
ISS.UPDATE,github.rest.issues.update,Yes,Yes,Yes,No,"All audited call sites wrapped; see audit doc for references."
ISS.CREATE,github.rest.issues.create,Yes,Yes,Yes,No,"All audited call sites wrapped; see audit doc for references."
ISS.LIST,github.rest.issues.listForRepo,Yes,Yes,Yes,No,"All audited call sites wrapped; see audit doc for references."
ISS.SEARCH,github.rest.search.issuesAndPullRequests,Yes,Yes,Yes,No,"All audited call sites wrapped; see audit doc for references."
ISS.LBL.LIST_REPO,github.rest.issues.listLabelsForRepo,Yes,Yes,Yes,No,"All audited call sites wrapped; see audit doc for references."
ISS.LBL.LIST_ISSUE,github.rest.issues.listLabelsOnIssue,Yes,Yes,Yes,No,"All audited call sites wrapped; see audit doc for references."
ISS.LBL.GET,github.rest.issues.getLabel,Yes,Yes,Yes,No,"All audited call sites wrapped; see audit doc for references."
ISS.LBL.CREATE,github.rest.issues.createLabel,Yes,Yes,Yes,No,"All audited call sites wrapped; see audit doc for references."
ISS.LBL.UPDATE,github.rest.issues.updateLabel,Yes,Yes,Yes,No,"All audited call sites wrapped; see audit doc for references."
ISS.LBL.ADD,github.rest.issues.addLabels,Yes,Yes,Yes,No,"All audited call sites wrapped; see audit doc for references."
ISS.LBL.REM,github.rest.issues.removeLabel,Yes,Yes,Yes,No,"All audited call sites wrapped; see audit doc for references."
ISS.ASSIG.ADD,github.rest.issues.addAssignees,Yes,Yes,Yes,No,"All audited call sites wrapped; see audit doc for references."
ISS.CMT.LIST,github.rest.issues.listComments,Yes,Yes,Yes,No,"All audited call sites wrapped; see audit doc for references."
ISS.CMT.GET,github.rest.issues.getComment,Yes,Yes,Yes,No,"All audited call sites wrapped; see audit doc for references."
ISS.CMT.CREATE,github.rest.issues.createComment,Yes,Yes,Yes,No,"All audited call sites wrapped; see audit doc for references."
ISS.CMT.UPDATE,github.rest.issues.updateComment,Yes,Yes,Yes,No,"All audited call sites wrapped; see audit doc for references."
ISS.CMT.DELETE,github.rest.issues.deleteComment,Yes,Yes,Yes,No,"All audited call sites wrapped; see audit doc for references."
ISS.EVENTS.LIST,github.rest.issues.listEvents,Yes,Yes,Yes,No,"All audited call sites wrapped; see audit doc for references."
ISS.TIMELINE,github.rest.issues.listEventsForTimeline,Yes,Yes,Yes,No,"All audited call sites wrapped; see audit doc for references."
ISS.PIN,github.rest.issues.pin,Yes,Yes,Yes,No,"All audited call sites wrapped; see audit doc for references."
PR.GET,github.rest.pulls.get,Yes,Yes,Yes,No,"All audited call sites wrapped; see audit doc for references."
PR.LIST,github.rest.pulls.list,Yes,Yes,Yes,No,"All audited call sites wrapped; see audit doc for references."
PR.LIST_FILES,github.rest.pulls.listFiles,Yes,Yes,Yes,No,"All audited call sites wrapped; see audit doc for references."
PR.LIST_COMMITS,github.rest.pulls.listCommits,Yes,Yes,Yes,No,"All audited call sites wrapped; see audit doc for references."
PR.LIST_REVIEWS,github.rest.pulls.listReviews,Yes,Yes,Yes,No,"All audited call sites wrapped; see audit doc for references."
PR.LIST_REVIEW_CMT,github.rest.pulls.listReviewComments,Yes,Yes,Yes,No,"All audited call sites wrapped; see audit doc for references."
PR.CREATE,github.rest.pulls.create,Yes,Yes,Yes,No,"All audited call sites wrapped; see audit doc for references."
PR.UPDATE,github.rest.pulls.update,Yes,Yes,Yes,No,"All audited call sites wrapped; see audit doc for references."
PR.MERGE,github.rest.pulls.merge,Yes,Yes,Yes,No,"All audited call sites wrapped; see audit doc for references."
PR.UPDATE_BRANCH,github.rest.pulls.updateBranch,Yes,Yes,Yes,No,"All audited call sites wrapped; see audit doc for references."
REPO.GET,github.rest.repos.get,Yes,Yes,Yes,No,"All audited call sites wrapped; see audit doc for references."
REPO.GET_BRANCH,github.rest.repos.getBranch,Yes,Yes,Yes,No,"All audited call sites wrapped; see audit doc for references."
REPO.GET_BRANCH_PROT,github.rest.repos.getBranchProtection,Yes,Yes,Yes,No,"All audited call sites wrapped; see audit doc for references."
REPO.LIST_BRANCHES,github.rest.repos.listBranches,Yes,Yes,Yes,No,"All audited call sites wrapped; see audit doc for references."
REPO.GET_COMMIT,github.rest.repos.getCommit,Yes,Yes,Yes,No,"All audited call sites wrapped; see audit doc for references."
REPO.GET_CONTENT,github.rest.repos.getContent,Yes,Yes,Yes,No,"All audited call sites wrapped; see audit doc for references."
REPO.COMPARE,github.rest.repos.compareCommits,Yes,Yes,Yes,No,"All audited call sites wrapped; see audit doc for references."
REPO.COMBINED_STATUS,github.rest.repos.getCombinedStatusForRef,Yes,Yes,Yes,No,"All audited call sites wrapped; see audit doc for references."
REPO.CREATE_STATUS,github.rest.repos.createCommitStatus,Yes,Yes,Yes,No,"All audited call sites wrapped; see audit doc for references."
REPO.DISPATCH,github.rest.repos.createDispatchEvent,Yes,Yes,Yes,No,"All audited call sites wrapped; see audit doc for references."
REPO.LIST_PR_ASSOC,github.rest.repos.listPullRequestsAssociatedWithCommit,Yes,Yes,Yes,No,"All audited call sites wrapped; see audit doc for references."
REPO.COLLAB,github.rest.repos.getCollaboratorPermissionLevel,Yes,Yes,Yes,No,"All audited call sites wrapped; see audit doc for references."
REPO.DELETE_FILE,github.rest.repos.deleteFile,Yes,Yes,Yes,No,"All audited call sites wrapped; see audit doc for references."
REPO.PUT_FILE,github.rest.repos.createOrUpdateFileContents,Yes,Yes,Yes,No,"All audited call sites wrapped; see audit doc for references."
REPO.CREATE_ENV,github.rest.repos.createOrUpdateEnvironment,Yes,Yes,Yes,No,"All audited call sites wrapped; see audit doc for references."
ACT.LIST_RUNS,github.rest.actions.listWorkflowRuns,Yes,Yes,Yes,No,"All audited call sites wrapped; see audit doc for references."
ACT.LIST_RUNS_REPO,github.rest.actions.listWorkflowRunsForRepo,Yes,Yes,Yes,No,"All audited call sites wrapped; see audit doc for references."
ACT.LIST_JOBS,github.rest.actions.listJobsForWorkflowRun,Yes,Yes,Yes,No,"All audited call sites wrapped; see audit doc for references."
ACT.GET_RUN,github.rest.actions.getWorkflowRun,Yes,Yes,Yes,No,"All audited call sites wrapped; see audit doc for references."
ACT.DOWNLOAD_LOGS,github.rest.actions.downloadJobLogsForWorkflowRun,Yes,Yes,Yes,No,"All audited call sites wrapped; see audit doc for references."
ACT.CREATE_DISPATCH,github.rest.actions.createWorkflowDispatch,Yes,Yes,Yes,No,"All audited call sites wrapped; see audit doc for references."
ACT.LIST_ARTIFACTS,github.rest.actions.listWorkflowRunArtifacts,Yes,Yes,Yes,No,"All audited call sites wrapped; see audit doc for references."
ACT.LIST_REPO_VARS,github.rest.actions.listRepoVariables,Yes,Yes,Yes,No,"All audited call sites wrapped; see audit doc for references."
ACT.GET_ENV_VAR,github.rest.actions.getEnvironmentVariable,Yes,Yes,Yes,No,"All audited call sites wrapped; see audit doc for references."
ACT.UPDATE_ENV_VAR,github.rest.actions.updateEnvironmentVariable,Yes,Yes,Yes,No,"All audited call sites wrapped; see audit doc for references."
CHECKS.LIST_FOR_REF,github.rest.checks.listForRef,Yes,Yes,Yes,No,"All audited call sites wrapped; see audit doc for references."
CHECKS.LIST_ANN,github.rest.checks.listAnnotations,Yes,Yes,Yes,No,"All audited call sites wrapped; see audit doc for references."
REACT.LIST,github.rest.reactions.listForIssueComment,Yes,Yes,Yes,No,"All audited call sites wrapped; see audit doc for references."
REACT.CREATE,github.rest.reactions.createForIssueComment,Yes,Yes,Yes,No,"All audited call sites wrapped; see audit doc for references."
USER.ME,github.rest.users.getAuthenticated,Yes,Yes,Yes,No,"All audited call sites wrapped; see audit doc for references."
USER.BYNAME,github.rest.users.getByUsername,Yes,Yes,Yes,No,"All audited call sites wrapped; see audit doc for references."
TEAM.BYNAME,github.rest.teams.getByName,Yes,Yes,Yes,No,"All audited call sites wrapped; see audit doc for references."
GIT.DELETE_REF,github.rest.git.deleteRef,Yes,Yes,Yes,No,"All audited call sites wrapped; see audit doc for references."
GIT.LIST_MATCH,github.rest.git.listMatchingRefs,Yes,Yes,Yes,No,"All audited call sites wrapped; see audit doc for references."
